,code,pubDate,pe_ratio,pe_ratio_lyr,pb_ratio,ps_ratio,pcf_ratio,code.1,roe,inc_return,roa,net_profit_margin,gross_profit_margin,expense_to_total_revenue,operation_profit_to_total_revenue,net_profit_to_total_revenue,operating_expense_to_total_revenue,ga_expense_to_total_revenue,financing_expense_to_total_revenue,operating_profit_to_profit,invesment_profit_to_profit,adjusted_profit_to_profit,goods_sale_and_service_to_revenue,ocf_to_revenue,ocf_to_operating_profit,inc_total_revenue_year_on_year,inc_total_revenue_annual,inc_revenue_year_on_year,inc_revenue_annual,inc_operation_profit_year_on_year,inc_operation_profit_annual,inc_net_profit_year_on_year,inc_net_profit_annual,inc_net_profit_to_shareholders_year_on_year,inc_net_profit_to_shareholders_annual,label_30,label_60,label_90
0,603939.XSHG,2015-04-27,61.35,61.3541,6.36,3.87,727.37,603939.XSHG,4.22,4.22,2.47,6.5,40.21,91.2,8.8,6.5,25.99,4.47,-0.1,99.82,0.0,99.82,115.91,12.21,138.69,28.84,0.47,28.84,0.47,31.02,-3.91,28.32,-6.9,28.09,-6.47,1,1,1
0,603939.XSHG,2015-08-21,106.84,113.6928,11.39,6.73,34.62,603939.XSHG,4.69,4.28,2.82,7.14,40.54,91.36,9.15,7.14,27.3,4.13,-0.56,91.24,5.33,91.38,113.04,-1.54,-17.83,21.71,3.72,21.71,3.72,33.86,7.75,31.85,13.98,32.26,13.68,-1,1,1
0,603939.XSHG,2015-10-28,60.29,69.0489,6.91,3.9,94.49,603939.XSHG,3.83,3.6,2.12,5.6,39.3,92.99,7.03,5.6,27.89,4.36,-0.97,93.96,0.32,93.98,117.97,12.88,183.75,22.32,1.86,22.32,1.86,25.28,-21.67,28.28,-20.06,28.31,-20.03,1,1,1
0,603939.XSHG,2016-03-08,79.85,96.1403,9.93,5.17,343.77,603939.XSHG,5.06,5.21,2.79,5.94,37.46,92.59,7.88,5.94,25.69,3.6,-0.2,91.87,5.84,102.92,108.43,3.07,41.43,36.22,28.33,36.22,28.33,16.67,43.85,15.43,36.07,15.25,35.55,1,1,1
0,603939.XSHG,2016-04-28,54.67,54.6744,6.81,3.38,274.9,603939.XSHG,3.64,3.6,2.17,6.36,39.51,91.7,8.48,6.36,26.57,3.94,-0.21,96.96,2.08,99.02,115.63,6.83,82.3,30.34,-3.86,30.34,-3.86,25.47,3.34,27.69,2.99,27.11,3.16,-1,-1,-1
0,603939.XSHG,2016-08-26,55.79,59.3307,7.13,3.43,-21.61,603939.XSHG,4.0047,3.8614,2.3784,6.5583,38.9242,91.718,8.3628,6.5583,26.2556,3.6193,-0.1141,95.3585,0.9301,96.4218,107.3858,2.592,31.297,40.0667,11.4626,40.0667,11.4626,28.0669,9.9863,28.6949,14.8737,27.9665,14.4431,-1,-1,-1
0,603939.XSHG,2016-10-28,60.32,68.6278,7.92,3.65,-188.45,603939.XSHG,2.1385,2.1317,1.4228,5.2914,40.1713,92.9454,7.0736,5.2914,28.6409,4.4287,-0.7858,99.4219,0.2674,99.6825,111.9146,10.8825,154.261,34.6652,-2.0718,34.6652,-2.0718,35.4252,-17.1688,27.1968,-20.9893,26.4264,-20.9966,-1,-1,-1
0,603939.XSHG,2017-04-25,50.94,61.1033,3.69,3.02,61.17,603939.XSHG,2.2026,2.0737,1.5803,6.2011,39.8294,93.3388,7.9096,6.2011,27.3358,4.4302,0.3955,79.1867,14.8406,94.1475,122.7529,-3.7763,-56.6916,22.3882,16.6301,22.3882,16.6301,22.7734,30.4139,27.7642,36.6816,27.3314,36.5201,-1,1,1
0,603939.XSHG,2017-04-28,50.39,60.155,3.65,2.99,60.51,603939.XSHG,2.314,2.2942,1.6588,6.5091,39.6952,91.2958,8.8021,6.5091,27.0413,4.0107,-0.8729,98.0778,1.1031,99.1476,112.9064,7.2666,83.4832,29.3579,1.6122,29.3579,1.6122,34.3499,13.0787,32.3184,6.6605,32.6697,7.483,-1,1,1
0,603939.XSHG,2017-08-18,50.7235,54.5927,4.1815,3.0723,189.3092,603939.XSHG,2.8291,2.71,2.0521,7.4693,39.9347,90.6036,9.5672,7.4693,26.1565,4.1441,-0.8354,93.9199,1.7076,95.79,114.6737,4.8168,51.2628,24.8908,7.6134,24.8908,7.6134,42.8771,16.9671,42.2404,23.4876,42.8224,23.201,-1,-1,-1
,code,pubDate,pe_ratio,pe_ratio_lyr,pb_ratio,ps_ratio,pcf_ratio,code.1,roe,inc_return,roa,net_profit_margin,gross_profit_margin,expense_to_total_revenue,operation_profit_to_total_revenue,net_profit_to_total_revenue,operating_expense_to_total_revenue,ga_expense_to_total_revenue,financing_expense_to_total_revenue,operating_profit_to_profit,invesment_profit_to_profit,adjusted_profit_to_profit,goods_sale_and_service_to_revenue,ocf_to_revenue,ocf_to_operating_profit,inc_total_revenue_year_on_year,inc_total_revenue_annual,inc_revenue_year_on_year,inc_revenue_annual,inc_operation_profit_year_on_year,inc_operation_profit_annual,inc_net_profit_year_on_year,inc_net_profit_annual,inc_net_profit_to_shareholders_year_on_year,inc_net_profit_to_shareholders_annual,label_30,label_60,label_90
0,603955.XSHG,2017-04-29,71.78,71.7844,7.28,8.36,38.1,603955.XSHG,0.1852,0.1728,0.0957,2.4321,23.0206,96.7416,3.4956,2.4321,0.0228,24.603,-2.5594,93.6838,6.8196,93.3224,115.0804,-172.5667,-5296.061,9.5452,-73.0719,9.5452,-73.0719,602.2737,-94.5888,9.6457,-94.9053,9.2911,-94.8197,-1,-1,-1
,code,pubDate,pe_ratio,pe_ratio_lyr,pb_ratio,ps_ratio,pcf_ratio,code.1,roe,inc_return,roa,net_profit_margin,gross_profit_margin,expense_to_total_revenue,operation_profit_to_total_revenue,net_profit_to_total_revenue,operating_expense_to_total_revenue,ga_expense_to_total_revenue,financing_expense_to_total_revenue,operating_profit_to_profit,invesment_profit_to_profit,adjusted_profit_to_profit,goods_sale_and_service_to_revenue,ocf_to_revenue,ocf_to_operating_profit,inc_total_revenue_year_on_year,inc_total_revenue_annual,inc_revenue_year_on_year,inc_revenue_annual,inc_operation_profit_year_on_year,inc_operation_profit_annual,inc_net_profit_year_on_year,inc_net_profit_annual,inc_net_profit_to_shareholders_year_on_year,inc_net_profit_to_shareholders_annual,label_30,label_60,label_90
0,603958.XSHG,2016-08-13,29.12,26.4582,4.67,1.71,-185.23,603958.XSHG,2.2068,1.9485,1.2356,4.4782,53.2641,96.2149,3.7851,4.4782,39.4722,5.4933,0.7211,83.3562,,88.2985,97.6543,12.4729,329.5316,-17.4233,-13.9742,-17.4233,-13.9742,-39.7131,-60.4081,-55.3503,-45.596,-51.4087,-40.3236,-1,-1,-1
0,603958.XSHG,2016-10-28,95.72,69.9043,7.28,4.73,18.3,603958.XSHG,0.1674,-0.94,0.1477,0.6385,45.9889,106.3875,-6.3875,0.6385,41.2932,6.4147,-0.0383,342.7003,,-561.5678,132.0182,-19.674,308.0082,0.3757,-9.9844,0.3757,-9.9844,23.6463,-251.9067,123.5014,-87.1648,119.9174,-90.4494,-1,-1,-1
0,603958.XSHG,2017-04-27,66.47,54.3396,5.72,3.72,27.18,603958.XSHG,2.1492,1.1871,1.6288,5.2252,51.2461,96.2111,4.0352,5.2252,38.7856,4.0067,-0.4058,57.8555,,55.2335,98.007,15.5802,411.2051,-14.7695,26.5562,-14.7695,26.5562,-51.3293,179.9498,-43.6097,935.6133,-42.0232,1198.9926,1,1,1
0,603958.XSHG,2017-04-27,64.02,52.9528,5.51,3.58,26.18,603958.XSHG,3.1846,1.6615,2.5637,9.0828,52.5432,94.0325,9.2635,9.0828,36.775,6.015,-0.0257,59.6517,32.947,52.1725,116.7193,9.3388,156.4955,-11.3664,-9.5584,-11.3664,-9.5584,-5.6859,107.6235,14.4148,57.2116,13.4109,52.23,1,1,1
,code,pubDate,pe_ratio,pe_ratio_lyr,pb_ratio,ps_ratio,pcf_ratio,code.1,roe,inc_return,roa,net_profit_margin,gross_profit_margin,expense_to_total_revenue,operation_profit_to_total_revenue,net_profit_to_total_revenue,operating_expense_to_total_revenue,ga_expense_to_total_revenue,financing_expense_to_total_revenue,operating_profit_to_profit,invesment_profit_to_profit,adjusted_profit_to_profit,goods_sale_and_service_to_revenue,ocf_to_revenue,ocf_to_operating_profit,inc_total_revenue_year_on_year,inc_total_revenue_annual,inc_revenue_year_on_year,inc_revenue_annual,inc_operation_profit_year_on_year,inc_operation_profit_annual,inc_net_profit_year_on_year,inc_net_profit_annual,inc_net_profit_to_shareholders_year_on_year,inc_net_profit_to_shareholders_annual,label_30,label_60,label_90
0,603959.XSHG,2016-08-18,124.0,124.0049,20.14,20.61,36324.25,603959.XSHG,,,,,0.0,,,,,,,,,,,,,,,,,,,,,,,-1,-1,-1
0,603959.XSHG,2016-10-24,95.5,87.1475,8.28,15.15,59.1,603959.XSHG,4.0697,3.9641,2.0778,19.5079,34.1227,77.5874,22.4126,19.5079,0.8367,6.6469,2.7514,97.4107,,97.4041,29.8958,-12.9751,-57.8919,84.4772,,84.4772,,186.8631,,180.1607,,180.1607,,1,1,1
0,603959.XSHG,2017-03-03,71.97,85.9508,7.83,12.67,61.39,603959.XSHG,6.3867,6.384,3.1008,12.308,27.2938,85.7562,14.5105,12.308,0.3151,4.3143,1.388,98.1211,1.8371,99.9581,50.1961,18.7077,131.3391,146.6434,162.2191,146.6434,162.2191,48.101,69.7669,45.9166,65.4408,45.9166,65.4408,-1,-1,-1
0,603959.XSHG,2017-04-28,54.83,54.826,6.67,7.58,41.25,603959.XSHG,1.0063,0.9935,0.4762,8.733,28.3445,89.7374,10.6165,8.733,0.798,11.062,5.8007,95.4872,3.2934,98.7244,13.1547,-158.6345,-1545.76,117.9627,-76.9684,117.9627,-76.9684,330.4284,-83.1491,334.0228,-83.6583,334.0228,-83.6583,-1,-1,-1
,code,pubDate,pe_ratio,pe_ratio_lyr,pb_ratio,ps_ratio,pcf_ratio,code.1,roe,inc_return,roa,net_profit_margin,gross_profit_margin,expense_to_total_revenue,operation_profit_to_total_revenue,net_profit_to_total_revenue,operating_expense_to_total_revenue,ga_expense_to_total_revenue,financing_expense_to_total_revenue,operating_profit_to_profit,invesment_profit_to_profit,adjusted_profit_to_profit,goods_sale_and_service_to_revenue,ocf_to_revenue,ocf_to_operating_profit,inc_total_revenue_year_on_year,inc_total_revenue_annual,inc_revenue_year_on_year,inc_revenue_annual,inc_operation_profit_year_on_year,inc_operation_profit_annual,inc_net_profit_year_on_year,inc_net_profit_annual,inc_net_profit_to_shareholders_year_on_year,inc_net_profit_to_shareholders_annual,label_30,label_60,label_90
0,603960.XSHG,2017-04-27,105.71,105.7106,16.16,19.67,363.84,603960.XSHG,3.8597,3.345,2.638,23.2067,37.3857,76.0024,23.9707,23.2067,1.2472,11.6266,0.1962,86.9132,-0.0977,86.6654,95.4448,-31.1133,-129.6514,149.4537,,149.4537,,168.5404,,151.2393,,151.2393,,-1,-1,-1
,code,pubDate,pe_ratio,pe_ratio_lyr,pb_ratio,ps_ratio,pcf_ratio,code.1,roe,inc_return,roa,net_profit_margin,gross_profit_margin,expense_to_total_revenue,operation_profit_to_total_revenue,net_profit_to_total_revenue,operating_expense_to_total_revenue,ga_expense_to_total_revenue,financing_expense_to_total_revenue,operating_profit_to_profit,invesment_profit_to_profit,adjusted_profit_to_profit,goods_sale_and_service_to_revenue,ocf_to_revenue,ocf_to_operating_profit,inc_total_revenue_year_on_year,inc_total_revenue_annual,inc_revenue_year_on_year,inc_revenue_annual,inc_operation_profit_year_on_year,inc_operation_profit_annual,inc_net_profit_year_on_year,inc_net_profit_annual,inc_net_profit_to_shareholders_year_on_year,inc_net_profit_to_shareholders_annual,label_30,label_60,label_90
0,603966.XSHG,2017-04-29,86.3,103.2361,11.26,9.9,71.46,603966.XSHG,0.2511,0.1449,0.1809,1.728,25.6529,98.4824,1.5879,1.728,8.1238,15.4241,0.77,65.6809,3.0402,57.7206,165.8654,-25.3631,-1671.2173,52.6396,,52.6396,,120.0118,,129.2064,,129.2064,,-1,-1,-1
0,603966.XSHG,2017-08-21,57.3431,64.5747,4.8303,6.4097,13.6106,603966.XSHG,2.9469,2.3526,2.2193,13.341,27.3528,87.4024,12.8696,13.341,6.054,5.9202,-0.1982,79.946,1.7256,79.8314,92.3602,3.5744,28.3735,-0.8876,83.2475,-0.8876,83.2475,-24.2052,1385.1892,-13.0644,1314.7671,-13.0644,1314.7671,-1,-1,-1
,code,pubDate,pe_ratio,pe_ratio_lyr,pb_ratio,ps_ratio,pcf_ratio,code.1,roe,inc_return,roa,net_profit_margin,gross_profit_margin,expense_to_total_revenue,operation_profit_to_total_revenue,net_profit_to_total_revenue,operating_expense_to_total_revenue,ga_expense_to_total_revenue,financing_expense_to_total_revenue,operating_profit_to_profit,invesment_profit_to_profit,adjusted_profit_to_profit,goods_sale_and_service_to_revenue,ocf_to_revenue,ocf_to_operating_profit,inc_total_revenue_year_on_year,inc_total_revenue_annual,inc_revenue_year_on_year,inc_revenue_annual,inc_operation_profit_year_on_year,inc_operation_profit_annual,inc_net_profit_year_on_year,inc_net_profit_annual,inc_net_profit_to_shareholders_year_on_year,inc_net_profit_to_shareholders_annual,label_30,label_60,label_90
0,603968.XSHG,2015-08-15,46.95,53.7404,5.12,3.81,5421.4399,603968.XSHG,3.77,3.24,1.99,8.37,21.26,91.7,8.55,8.37,2.3,8.54,1.12,85.97,2.65,85.97,140.11,15.38,185.43,-6.02,7.95,-6.02,7.95,-4.09,-23.27,-6.09,-18.23,-6.09,-18.23,-1,1,1
0,603968.XSHG,2015-10-29,40.25,45.2983,4.31,3.26,11.17,603968.XSHG,2.8,2.32,1.51,8.01,15.17,92.31,7.69,8.01,2.25,6.19,-1.24,85.14,0.0,82.74,85.23,8.69,112.92,-22.91,-21.26,-22.91,-21.26,-40.85,-29.17,-34.2,-24.62,-34.2,-24.62,1,1,1
0,603968.XSHG,2016-02-25,60.03,60.5824,5.65,4.64,14.35,603968.XSHG,1.98,1.46,1.08,5.6,16.86,96.73,4.17,5.6,3.17,8.8,0.23,58.2,16.0,73.9,44.42,14.12,431.88,-17.36,1.8,-17.36,1.8,6.81,-44.83,26.3,-28.78,26.3,-28.78,-1,1,1
0,603968.XSHG,2016-04-28,47.45,47.4528,4.54,3.97,10.74,603968.XSHG,1.74,1.41,1.18,6.57,16.05,93.4,6.81,6.57,2.61,5.15,0.82,81.96,2.6,81.04,75.64,-0.59,-9.01,-11.44,2.35,-11.44,2.35,-49.86,67.23,-47.32,20.01,-47.32,20.01,-1,-1,-1
0,603968.XSHG,2016-08-25,54.64,45.6421,4.29,3.94,49.45,603968.XSHG,4.4455,3.7738,3.1073,14.4973,22.5959,85.754,14.6303,14.4973,2.2842,6.064,-0.8533,86.5466,2.3348,84.8885,80.2721,25.1786,176.7425,-3.8126,17.2444,-3.8126,17.2444,64.5483,151.8073,66.6384,158.6569,66.6384,158.6569,-1,-1,-1
0,603968.XSHG,2016-10-26,49.56,50.7987,4.74,4.43,-34.77,603968.XSHG,2.8953,2.7028,2.0347,10.8729,24.5113,88.1598,12.0095,10.8729,2.9582,8.9998,-0.0081,94.805,1.3551,93.3532,82.8693,21.0298,177.6129,12.2673,-8.1022,12.2673,-8.1022,75.2559,-24.5644,52.3648,-31.0772,52.3648,-31.0772,-1,-1,-1
0,603968.XSHG,2017-03-30,41.66,47.7481,3.99,4.02,-46.73,603968.XSHG,3.6413,3.3169,2.6235,11.7193,19.9803,87.4989,12.5841,11.7193,2.1954,6.2375,-1.8848,91.9738,0.6109,91.0904,63.4625,12.2057,97.6373,36.9305,24.166,36.9305,24.166,313.2932,30.107,186.3236,33.8316,186.3236,33.8316,-1,-1,-1
0,603968.XSHG,2017-04-28,32.97,32.9702,3.86,3.66,-24.39,603968.XSHG,3.6465,3.2888,2.6164,11.1154,22.2282,88.1282,11.9595,11.1154,2.5402,4.9441,0.4282,91.3044,0.6745,90.1929,59.4296,-2.7446,-23.1184,45.7415,8.939,45.7415,8.939,155.8703,3.532,146.5203,3.3254,146.5203,3.3254,-1,-1,-1
,code,pubDate,pe_ratio,pe_ratio_lyr,pb_ratio,ps_ratio,pcf_ratio,code.1,roe,inc_return,roa,net_profit_margin,gross_profit_margin,expense_to_total_revenue,operation_profit_to_total_revenue,net_profit_to_total_revenue,operating_expense_to_total_revenue,ga_expense_to_total_revenue,financing_expense_to_total_revenue,operating_profit_to_profit,invesment_profit_to_profit,adjusted_profit_to_profit,goods_sale_and_service_to_revenue,ocf_to_revenue,ocf_to_operating_profit,inc_total_revenue_year_on_year,inc_total_revenue_annual,inc_revenue_year_on_year,inc_revenue_annual,inc_operation_profit_year_on_year,inc_operation_profit_annual,inc_net_profit_year_on_year,inc_net_profit_annual,inc_net_profit_to_shareholders_year_on_year,inc_net_profit_to_shareholders_annual,label_30,label_60,label_90
0,603969.XSHG,2015-04-27,92.06,41.726,3.83,3.47,237.54,603969.XSHG,2.04,1.81,1.65,7.95,21.59,90.48,9.52,7.95,3.11,7.87,1.77,90.56,0.0,88.87,89.6,4.36,45.81,-5.86,-14.65,-5.86,-14.65,36.09,99.53,43.12,108.73,31.87,86.24,1,1,1
0,603969.XSHG,2015-08-19,59.76,62.2312,5.64,4.16,17.85,603969.XSHG,4.13,3.99,3.44,10.79,24.0,86.76,13.24,10.79,3.14,6.26,-0.17,96.96,0.0,96.66,71.82,18.98,143.43,-34.35,52.96,-34.35,52.96,-4.65,112.71,-11.4,107.72,-17.96,104.01,-1,1,1
0,603969.XSHG,2015-10-28,46.0,44.39,4.03,3.39,16.98,603969.XSHG,2.56,2.39,2.03,7.99,20.02,90.74,9.26,7.99,4.02,6.79,-2.08,93.55,0.0,93.33,80.31,-2.24,-24.17,-39.5,-22.45,-39.5,-22.45,-34.29,-45.76,-37.22,-42.59,-37.8,-37.19,1,1,1
0,603969.XSHG,2016-04-08,73.07,60.7698,5.4,5.38,40.88,603969.XSHG,2.74,2.44,2.27,12.15,29.66,87.96,12.04,12.15,9.99,2.03,-1.58,88.24,0.0,89.22,121.53,44.46,369.34,-24.93,-25.85,-24.93,-25.85,121.98,-3.58,180.79,12.81,158.97,8.51,-1,-1,-1
0,603969.XSHG,2016-04-30,49.93,42.4729,3.69,3.67,27.94,603969.XSHG,0.39,0.36,0.32,2.91,19.21,95.81,4.19,2.91,6.83,11.05,-0.9,92.61,0.0,91.93,91.07,5.79,138.17,-41.57,-33.57,-41.57,-33.57,-74.27,-76.87,-78.64,-84.12,-74.04,-81.33,-1,-1,-1
0,603969.XSHG,2016-07-22,47.69,41.5076,3.52,4.2,-116.66,603969.XSHG,2.6587,2.6199,2.4575,11.0474,22.2983,86.7321,13.2679,11.0474,4.7785,5.9344,-2.759,98.3738,,98.5405,92.8693,-22.8525,-172.2392,-23.4726,100.342,-23.4726,100.342,-23.2825,534.2271,-21.6626,661.7024,-12.8034,585.3201,-1,-1,-1
0,603969.XSHG,2016-10-19,52.33,43.158,3.71,4.78,-22.68,603969.XSHG,3.5134,3.4302,3.4765,12.4037,25.626,85.6268,14.3732,12.4037,4.7845,5.5146,-0.438,97.7024,,97.6318,61.7472,-16.9954,-118.2431,27.1109,28.8108,27.1109,28.8108,97.367,39.542,97.3575,44.6253,85.4826,33.6167,-1,-1,-1
0,603969.XSHG,2017-03-16,42.61,43.4071,3.59,4.42,-27.97,603969.XSHG,2.8998,2.8302,2.7216,9.4272,24.2137,88.5088,11.5247,9.4272,4.4234,6.2391,-1.1943,97.6252,,97.5995,76.3649,12.6868,110.404,84.2806,7.5005,84.2806,7.5005,76.4335,-13.8044,42.9341,-18.2963,45.6752,-14.7787,1,1,1
0,603969.XSHG,2017-04-27,43.74,43.7414,3.98,4.27,-22.16,603969.XSHG,1.989,1.9654,1.8469,8.2919,19.4186,89.774,10.3123,8.2919,4.0279,4.9427,0.0027,97.9025,0.8259,98.8116,77.3444,-8.8196,-86.2469,123.4357,-19.4588,123.4357,-19.4588,449.7674,-27.9317,537.6129,-29.1588,448.4848,-29.7151,1,1,1
0,603969.XSHG,2017-08-16,46.1202,54.4559,5.1363,4.6313,-24.8477,603969.XSHG,1.9198,1.8356,1.697,5.7731,16.7343,93.265,6.7738,5.7731,4.7973,3.2585,0.4473,94.8326,0.5466,95.6137,79.2239,-4.0661,-60.3731,51.7175,36.0364,51.7175,36.0364,-22.542,-10.6423,-20.717,-5.2872,-23.3408,-4.216,-1,-1,-1
,code,pubDate,pe_ratio,pe_ratio_lyr,pb_ratio,ps_ratio,pcf_ratio,code.1,roe,inc_return,roa,net_profit_margin,gross_profit_margin,expense_to_total_revenue,operation_profit_to_total_revenue,net_profit_to_total_revenue,operating_expense_to_total_revenue,ga_expense_to_total_revenue,financing_expense_to_total_revenue,operating_profit_to_profit,invesment_profit_to_profit,adjusted_profit_to_profit,goods_sale_and_service_to_revenue,ocf_to_revenue,ocf_to_operating_profit,inc_total_revenue_year_on_year,inc_total_revenue_annual,inc_revenue_year_on_year,inc_revenue_annual,inc_operation_profit_year_on_year,inc_operation_profit_annual,inc_net_profit_year_on_year,inc_net_profit_annual,inc_net_profit_to_shareholders_year_on_year,inc_net_profit_to_shareholders_annual,label_30,label_60,label_90
0,603977.XSHG,2017-03-25,53.07,62.5535,9.27,12.73,131.08,603977.XSHG,1.922,0.7281,1.5231,11.0665,43.6485,96.0164,4.1174,11.0665,10.7356,25.6286,2.0451,33.2935,1.1178,37.8821,136.3457,46.4401,1165.7722,-3.6523,22.622,-3.6523,22.622,-81.2443,-78.5865,-45.1189,-48.653,-46.1698,-49.6646,-1,-1,-1
0,603977.XSHG,2017-04-27,55.83,55.8252,5.7,11.94,-1090.76,603977.XSHG,0.7507,0.4732,0.6687,8.2635,40.2568,94.3426,6.6578,8.2635,7.8813,26.3561,-0.2566,56.1796,9.9345,63.0336,79.8146,-34.2855,-606.0336,44.3775,-35.1019,44.3775,-35.1019,80100.9375,4.9399,-67.636,-51.5396,-69.5445,-52.8585,1,1,1
""
,code,pubDate,pe_ratio,pe_ratio_lyr,pb_ratio,ps_ratio,pcf_ratio,code.1,roe,inc_return,roa,net_profit_margin,gross_profit_margin,expense_to_total_revenue,operation_profit_to_total_revenue,net_profit_to_total_revenue,operating_expense_to_total_revenue,ga_expense_to_total_revenue,financing_expense_to_total_revenue,operating_profit_to_profit,invesment_profit_to_profit,adjusted_profit_to_profit,goods_sale_and_service_to_revenue,ocf_to_revenue,ocf_to_operating_profit,inc_total_revenue_year_on_year,inc_total_revenue_annual,inc_revenue_year_on_year,inc_revenue_annual,inc_operation_profit_year_on_year,inc_operation_profit_annual,inc_net_profit_year_on_year,inc_net_profit_annual,inc_net_profit_to_shareholders_year_on_year,inc_net_profit_to_shareholders_annual,label_30,label_60,label_90
0,603979.XSHG,2015-08-20,32.7,32.6984,2.7,3.33,519.78,603979.XSHG,3.11,3.09,1.96,11.53,30.28,84.5,15.5,11.53,0.12,7.89,3.3,99.23,0.0,99.38,78.44,7.56,48.76,,26.57,,26.57,,85.26,,78.82,,78.54,-1,-1,-1
0,603979.XSHG,2015-10-29,33.14,31.549,2.61,3.27,5.62,603979.XSHG,2.39,2.3,1.62,9.3,22.05,87.21,12.79,9.3,0.26,8.19,-1.25,96.25,0.0,96.36,68.53,-18.15,-141.89,-8.04,-3.74,-8.04,-3.74,-14.79,-20.56,-20.99,-22.38,-21.17,-22.2,1,1,1
0,603979.XSHG,2016-04-19,45.25,40.361,3.27,4.28,12.22,603979.XSHG,0.55,0.39,0.36,2.12,23.07,95.33,5.47,2.12,0.02,13.38,-0.69,82.45,14.2,70.93,45.38,-3.05,-65.29,-9.65,-1.52,-9.65,-1.52,-59.3,-57.89,-77.5,-77.55,-76.77,-76.96,-1,-1,-1
0,603979.XSHG,2016-04-30,37.06,45.7783,2.67,3.5,10.0,603979.XSHG,1.23,1.16,0.94,8.31,22.52,89.29,11.38,8.31,0.38,8.42,0.89,94.68,5.89,94.51,67.47,-2.52,-23.51,-6.06,-21.7,-6.06,-21.7,0.96,62.92,-4.36,206.91,-4.54,198.25,-1,-1,-1
0,603979.XSHG,2016-08-09,44.34,43.8937,2.53,3.5,10.72,603979.XSHG,1.786,1.7649,1.3174,9.2948,23.7429,86.7961,13.3915,9.2948,0.1312,7.2946,1.4694,98.8967,1.4054,98.8196,75.2007,8.3313,63.0974,-2.5887,31.2406,-2.5887,31.2406,-15.8347,54.4489,-21.5017,46.7729,-21.4388,46.9437,-1,-1,-1
0,603979.XSHG,2016-10-27,44.12,39.916,2.27,3.2,-12.03,603979.XSHG,1.5756,1.4417,1.1541,9.438,25.0114,86.9071,13.6201,9.438,0.2876,7.7442,1.3426,92.4162,3.7211,91.5065,72.613,-4.372,-33.3924,-11.0885,-12.1372,-11.0885,-12.1372,-5.3171,-10.6373,-9.7691,-10.7836,-9.7249,-10.6037,-1,-1,-1
0,603979.XSHG,2017-04-21,44.68,39.1476,2.19,3.23,-65.05,603979.XSHG,0.1636,0.1668,0.1507,1.2656,33.4323,95.0673,5.5657,1.2656,0.1087,17.8198,0.506,102.6605,13.1749,101.9873,63.9128,38.5458,781.4361,-12.4789,-3.0636,-12.4789,-3.0636,-10.9259,-60.388,-47.7609,-87.0014,-58.8819,-89.5051,-1,-1,-1
0,603979.XSHG,2017-04-21,49.95,43.6925,2.45,3.61,-72.73,603979.XSHG,1.4191,1.4484,1.0714,10.0477,26.8441,86.2722,13.7706,10.0477,0.3084,8.6046,0.8937,101.8621,0.3178,102.063,72.8646,-13.013,-94.7934,0.2576,-10.3073,0.2576,-10.3073,21.3272,121.9165,21.2053,612.0888,20.7834,776.107,-1,-1,-1
0,603979.XSHG,2017-08-19,44.3687,46.7206,2.1375,3.3261,-63.8123,603979.XSHG,1.5708,1.4686,1.1572,9.4924,23.5481,88.7909,12.0227,9.4924,0.2603,7.7955,1.4771,93.8596,6.8129,93.4947,74.2604,13.4055,119.5948,-9.8677,17.9863,-9.8677,17.9863,-19.0805,3.0102,-7.9511,11.4661,-8.0626,11.85,-1,-1,-1
""
""
,code,pubDate,pe_ratio,pe_ratio_lyr,pb_ratio,ps_ratio,pcf_ratio,code.1,roe,inc_return,roa,net_profit_margin,gross_profit_margin,expense_to_total_revenue,operation_profit_to_total_revenue,net_profit_to_total_revenue,operating_expense_to_total_revenue,ga_expense_to_total_revenue,financing_expense_to_total_revenue,operating_profit_to_profit,invesment_profit_to_profit,adjusted_profit_to_profit,goods_sale_and_service_to_revenue,ocf_to_revenue,ocf_to_operating_profit,inc_total_revenue_year_on_year,inc_total_revenue_annual,inc_revenue_year_on_year,inc_revenue_annual,inc_operation_profit_year_on_year,inc_operation_profit_annual,inc_net_profit_year_on_year,inc_net_profit_annual,inc_net_profit_to_shareholders_year_on_year,inc_net_profit_to_shareholders_annual,label_30,label_60,label_90
0,603986.XSHG,2016-10-28,96.03,112.7944,26.8,13.13,157.01,603986.XSHG,5.7552,4.2341,4.311,13.8681,27.2647,87.8272,11.7201,13.8681,2.9669,11.6275,-0.8551,76.7164,-2.8531,73.57,103.3913,8.8117,72.3886,16.2129,,16.2129,,-26.6951,,-5.4657,,-6.6685,,-1,-1,-1
0,603986.XSHG,2017-04-11,98.1,112.7944,14.39,12.62,53.08,603986.XSHG,2.5299,2.075,1.7719,6.5323,25.2282,93.8675,6.8054,6.5323,4.6926,15.8944,-2.8409,86.4607,9.4858,82.0214,110.6348,11.2358,183.2165,21.7642,11.9482,21.7642,11.9482,-16.7236,-34.9965,-20.0553,-47.269,-13.5452,-41.8353,-1,-1,-1
0,603986.XSHG,2017-04-28,115.81,133.1579,16.99,14.9,62.66,603986.XSHG,5.2954,4.9048,4.1643,15.3953,29.7585,83.2672,16.6569,15.3953,3.1239,8.3091,0.4124,95.2615,-0.432,92.6235,94.1149,-2.8214,-16.8616,46.6094,2.7122,46.6094,2.7122,94.7817,151.4006,89.9048,142.0712,94.2006,118.3939,-1,-1,-1
,code,pubDate,pe_ratio,pe_ratio_lyr,pb_ratio,ps_ratio,pcf_ratio,code.1,roe,inc_return,roa,net_profit_margin,gross_profit_margin,expense_to_total_revenue,operation_profit_to_total_revenue,net_profit_to_total_revenue,operating_expense_to_total_revenue,ga_expense_to_total_revenue,financing_expense_to_total_revenue,operating_profit_to_profit,invesment_profit_to_profit,adjusted_profit_to_profit,goods_sale_and_service_to_revenue,ocf_to_revenue,ocf_to_operating_profit,inc_total_revenue_year_on_year,inc_total_revenue_annual,inc_revenue_year_on_year,inc_revenue_annual,inc_operation_profit_year_on_year,inc_operation_profit_annual,inc_net_profit_year_on_year,inc_net_profit_annual,inc_net_profit_to_shareholders_year_on_year,inc_net_profit_to_shareholders_annual,label_30,label_60,label_90
0,603987.XSHG,2017-04-21,66.56,71.817,10.18,6.27,0.0,603987.XSHG,2.6903,2.6068,2.0447,9.6159,33.5292,89.4259,10.5741,9.6159,7.6741,13.2366,-0.2128,96.2387,,96.8984,128.9153,27.2826,258.0127,20.6135,0.1352,20.6135,0.1352,12.7694,-17.9392,-1.6899,-14.0184,-3.8053,-20.5223,-1,-1,-1
0,603987.XSHG,2017-04-28,58.83,63.2541,9.0,5.54,0.0,603987.XSHG,2.0774,2.014,1.8696,10.7592,33.5507,87.4219,12.6211,10.7592,7.8755,11.1588,0.5948,97.0733,0.3318,96.9509,104.1357,14.9199,118.6177,16.3779,-14.1979,16.3779,-14.1979,19.3114,2.412,15.6852,-3.9959,16.5552,-1.4396,-1,-1,-1
,code,pubDate,pe_ratio,pe_ratio_lyr,pb_ratio,ps_ratio,pcf_ratio,code.1,roe,inc_return,roa,net_profit_margin,gross_profit_margin,expense_to_total_revenue,operation_profit_to_total_revenue,net_profit_to_total_revenue,operating_expense_to_total_revenue,ga_expense_to_total_revenue,financing_expense_to_total_revenue,operating_profit_to_profit,invesment_profit_to_profit,adjusted_profit_to_profit,goods_sale_and_service_to_revenue,ocf_to_revenue,ocf_to_operating_profit,inc_total_revenue_year_on_year,inc_total_revenue_annual,inc_revenue_year_on_year,inc_revenue_annual,inc_operation_profit_year_on_year,inc_operation_profit_annual,inc_net_profit_year_on_year,inc_net_profit_annual,inc_net_profit_to_shareholders_year_on_year,inc_net_profit_to_shareholders_annual,label_30,label_60,label_90
0,603988.XSHG,2015-03-31,48.54,49.8904,4.9,8.23,-11096.5898,603988.XSHG,2.6,2.6,1.75,15.33,38.38,90.78,9.22,15.33,5.68,13.04,-1.15,122.35,0.0,,105.92,7.94,86.03,-29.85,-2.48,-29.85,-2.48,-51.97,-54.26,-38.05,-3.11,-38.05,-3.11,1,1,1
0,603988.XSHG,2015-04-28,60.54,60.5372,5.28,9.95,15.02,603988.XSHG,2.34,2.33,1.81,20.18,40.83,76.35,23.65,20.18,6.25,12.79,-2.52,99.63,0.0,99.63,48.1,-12.06,-51.0,3.14,-5.98,3.14,-5.98,133.13,141.01,136.93,23.75,136.93,23.75,1,1,1
0,603988.XSHG,2015-08-11,73.57,84.8581,7.48,13.86,21.55,603988.XSHG,1.5,1.33,1.14,17.4,37.73,84.71,18.3,17.4,7.79,17.8,-3.36,74.45,14.66,89.08,72.25,25.79,168.73,-50.81,-26.41,-50.81,-26.41,-57.3,-43.06,-62.67,-36.52,-62.67,-36.52,-1,1,1
0,603988.XSHG,2015-10-30,55.99,48.7301,4.29,9.51,-131.39,603988.XSHG,1.95,1.73,1.5,17.84,36.55,87.9,18.62,17.84,8.31,15.53,-0.77,57.65,31.06,88.71,5.84,-80.15,-662.26,-13.61,28.04,-13.61,28.04,-18.21,30.32,-0.09,31.26,-0.09,31.26,1,1,1
0,603988.XSHG,2016-04-25,99.16,86.2861,7.47,17.52,-409.0,603988.XSHG,1.15,0.11,0.89,8.43,42.04,91.04,11.44,8.43,5.95,15.47,-1.1,82.28,22.73,9.43,134.67,79.38,885.66,11.42,25.77,11.42,25.77,38.15,-22.75,-38.72,-40.57,-38.72,-40.57,-1,-1,-1
0,603988.XSHG,2016-04-29,83.88,92.7369,6.32,14.82,-345.98,603988.XSHG,1.74,1.74,1.38,18.81,37.46,82.89,22.04,18.81,6.23,14.27,-1.17,77.72,22.4,100.12,69.03,16.98,99.25,-17.2,-30.13,-17.2,-30.13,-22.83,34.62,-22.82,55.85,-22.82,55.85,-1,-1,-1
0,603988.XSHG,2016-08-20,105.38,97.2634,6.43,15.75,-19.35,603988.XSHG,1.1339,0.4554,0.911,13.9289,39.4249,87.7149,14.4862,13.9289,6.9741,16.7854,-1.9321,74.3838,13.3275,40.1683,117.2268,38.3237,311.9534,-0.4594,-11.5361,-0.4594,-11.5361,-21.1901,-41.8489,-20.339,-34.4789,-20.339,-34.4789,1,1,1
0,603988.XSHG,2016-10-29,122.7,107.9062,7.2,17.49,70.79,603988.XSHG,0.9608,0.8332,0.7668,10.0138,37.2715,89.7835,11.665,10.0138,9.078,18.9685,-1.701,86.7211,12.2949,86.7211,47.2606,-8.3525,-81.7547,-8.378,17.8532,-8.378,17.8532,-42.608,-5.0991,-48.5792,-15.2727,-48.5792,-15.2727,1,1,1
0,603988.XSHG,2017-04-11,171.9,127.097,8.44,21.15,78.05,603988.XSHG,-0.1134,0.0488,-0.0886,-1.2129,33.1398,99.4497,2.5782,-1.2129,6.2238,13.8538,-3.025,-35.3851,-130.406,-43.0935,78.8122,9.7794,1777.2094,-28.7415,-2.1812,-28.7415,-2.1812,-83.9384,-78.38,-110.2507,-111.8478,-110.2507,-111.8478,-1,-1,-1
0,603988.XSHG,2017-04-29,173.84,129.1358,8.54,21.39,78.93,603988.XSHG,1.3756,1.2678,1.0702,12.4142,30.691,84.7442,16.691,12.4142,4.8791,11.0863,0.3038,92.1677,8.6705,92.1677,65.5977,12.531,82.1392,21.6837,19.3171,21.6837,19.3171,-7.8379,672.4463,-19.675,1321.2598,-19.675,1321.2598,-1,-1,-1
,code,pubDate,pe_ratio,pe_ratio_lyr,pb_ratio,ps_ratio,pcf_ratio,code.1,roe,inc_return,roa,net_profit_margin,gross_profit_margin,expense_to_total_revenue,operation_profit_to_total_revenue,net_profit_to_total_revenue,operating_expense_to_total_revenue,ga_expense_to_total_revenue,financing_expense_to_total_revenue,operating_profit_to_profit,invesment_profit_to_profit,adjusted_profit_to_profit,goods_sale_and_service_to_revenue,ocf_to_revenue,ocf_to_operating_profit,inc_total_revenue_year_on_year,inc_total_revenue_annual,inc_revenue_year_on_year,inc_revenue_annual,inc_operation_profit_year_on_year,inc_operation_profit_annual,inc_net_profit_year_on_year,inc_net_profit_annual,inc_net_profit_to_shareholders_year_on_year,inc_net_profit_to_shareholders_annual,label_30,label_60,label_90
0,603989.XSHG,2015-08-12,54.49,54.4875,5.49,8.38,433.68,603989.XSHG,3.2,3.2,2.59,13.03,31.18,85.27,14.75,13.03,6.31,8.35,-0.16,84.54,0.11,,105.17,9.61,65.21,,14.49,,14.49,,-27.37,,-14.25,,-14.62,-1,-1,-1
0,603989.XSHG,2015-10-29,47.38,43.7917,4.42,6.59,8.91,603989.XSHG,4.9,4.84,3.58,17.36,36.5,77.34,23.05,17.36,5.1,8.97,-1.15,97.14,1.66,98.82,123.61,20.34,89.77,21.1,7.75,21.1,7.75,61.84,68.33,92.96,43.53,93.17,44.54,1,1,1
0,603989.XSHG,2016-04-12,54.8,59.3366,6.49,8.51,32.83,603989.XSHG,6.19,6.06,4.84,21.18,35.29,81.26,19.32,21.18,6.42,8.54,-0.51,100.8,3.13,97.92,134.17,25.18,134.4,15.68,6.93,15.68,6.93,13.24,-10.36,62.54,30.46,64.68,30.57,-1,1,1
0,603989.XSHG,2016-04-29,42.41,36.6958,5.03,6.58,25.41,603989.XSHG,3.12,2.4,2.62,17.57,36.42,83.99,19.0,17.57,7.56,10.76,-0.01,76.84,14.36,76.84,119.82,21.95,137.09,11.22,-15.69,11.22,-15.69,-9.14,-17.09,12.31,-30.05,13.96,-29.27,1,1,1
0,603989.XSHG,2016-07-29,41.83,43.0731,5.45,7.26,294.32,603989.XSHG,4.585,3.6028,3.8164,20.2691,31.9549,80.9256,20.8302,20.2691,6.2528,5.9823,-0.5895,78.717,7.2461,78.578,102.5739,22.2789,116.8001,20.9481,24.5078,20.9481,24.5078,70.7744,36.5064,88.1367,43.6348,91.8885,43.7663,1,1,1
0,603989.XSHG,2016-10-28,38.77,46.3946,6.35,7.45,-13.07,603989.XSHG,3.9866,3.5838,3.2523,17.4622,33.6811,81.5033,20.0102,17.4622,6.1096,8.2229,-0.1364,89.902,7.3566,89.8974,95.9738,27.7602,150.0824,12.4707,0.1949,12.4707,0.1949,-2.3508,-3.7494,13.1455,-13.6805,13.2352,-14.7082,-1,-1,-1
0,603989.XSHG,2017-04-18,39.14,48.9056,6.34,7.51,-45.96,603989.XSHG,3.6446,4.2129,2.8605,13.4824,37.2347,81.4419,19.3582,13.4824,5.983,10.4896,-0.7882,116.9245,5.0409,115.5941,104.8716,20.2317,109.0178,28.3722,22.0506,28.3722,22.0506,28.6202,18.0736,-18.2707,-5.7656,-17.6334,-5.0259,1,1,1
0,603989.XSHG,2017-04-29,39.59,48.7462,6.41,7.59,-46.47,603989.XSHG,4.1974,3.2706,3.3317,20.3182,35.1192,81.4048,20.7247,20.3182,8.1934,7.2468,0.1492,77.9294,8.9247,77.9184,126.0838,12.685,68.2164,21.5813,-20.1482,21.5813,-20.1482,32.6229,-14.5112,40.5985,20.338,39.4956,19.7819,-1,-1,-1
,code,pubDate,pe_ratio,pe_ratio_lyr,pb_ratio,ps_ratio,pcf_ratio,code.1,roe,inc_return,roa,net_profit_margin,gross_profit_margin,expense_to_total_revenue,operation_profit_to_total_revenue,net_profit_to_total_revenue,operating_expense_to_total_revenue,ga_expense_to_total_revenue,financing_expense_to_total_revenue,operating_profit_to_profit,invesment_profit_to_profit,adjusted_profit_to_profit,goods_sale_and_service_to_revenue,ocf_to_revenue,ocf_to_operating_profit,inc_total_revenue_year_on_year,inc_total_revenue_annual,inc_revenue_year_on_year,inc_revenue_annual,inc_operation_profit_year_on_year,inc_operation_profit_annual,inc_net_profit_year_on_year,inc_net_profit_annual,inc_net_profit_to_shareholders_year_on_year,inc_net_profit_to_shareholders_annual,label_30,label_60,label_90
0,603990.XSHG,2017-04-28,91.83,106.5613,10.51,17.25,23.61,603990.XSHG,-0.8046,-1.1366,-0.499,-9.5687,79.5356,128.3843,-27.1859,-9.5687,46.2773,56.351,2.8815,308.9949,-13.0468,141.2691,141.6581,-101.0485,356.0009,13.3753,,13.3753,,21.2626,,-77.0021,,-77.0021,,-1,-1,-1
0,603990.XSHG,2017-08-01,71.5328,69.3541,7.7238,12.8205,64.9508,603990.XSHG,4.2838,4.058,2.9524,23.4804,73.2876,79.2423,21.3009,23.4804,19.8441,27.9601,0.7029,76.603,2.0047,94.7274,64.183,-17.936,-86.4064,15.3172,116.8937,15.3172,116.8937,23.0796,269.9425,38.7247,632.2324,38.7247,632.2324,-1,-1,-1
,code,pubDate,pe_ratio,pe_ratio_lyr,pb_ratio,ps_ratio,pcf_ratio,code.1,roe,inc_return,roa,net_profit_margin,gross_profit_margin,expense_to_total_revenue,operation_profit_to_total_revenue,net_profit_to_total_revenue,operating_expense_to_total_revenue,ga_expense_to_total_revenue,financing_expense_to_total_revenue,operating_profit_to_profit,invesment_profit_to_profit,adjusted_profit_to_profit,goods_sale_and_service_to_revenue,ocf_to_revenue,ocf_to_operating_profit,inc_total_revenue_year_on_year,inc_total_revenue_annual,inc_revenue_year_on_year,inc_revenue_annual,inc_operation_profit_year_on_year,inc_operation_profit_annual,inc_net_profit_year_on_year,inc_net_profit_annual,inc_net_profit_to_shareholders_year_on_year,inc_net_profit_to_shareholders_annual,label_30,label_60,label_90
0,603991.XSHG,2017-04-25,104.83,104.8332,15.95,11.18,-107.79,603991.XSHG,1.6764,1.4708,1.0906,8.2915,27.4956,91.4415,8.5585,8.2915,5.1249,11.5041,2.0057,87.7378,,87.7378,146.7319,-56.5722,-661.0036,10.9583,,10.9583,,10.3964,,18.653,,18.653,,-1,-1,-1
,code,pubDate,pe_ratio,pe_ratio_lyr,pb_ratio,ps_ratio,pcf_ratio,code.1,roe,inc_return,roa,net_profit_margin,gross_profit_margin,expense_to_total_revenue,operation_profit_to_total_revenue,net_profit_to_total_revenue,operating_expense_to_total_revenue,ga_expense_to_total_revenue,financing_expense_to_total_revenue,operating_profit_to_profit,invesment_profit_to_profit,adjusted_profit_to_profit,goods_sale_and_service_to_revenue,ocf_to_revenue,ocf_to_operating_profit,inc_total_revenue_year_on_year,inc_total_revenue_annual,inc_revenue_year_on_year,inc_revenue_annual,inc_operation_profit_year_on_year,inc_operation_profit_annual,inc_net_profit_year_on_year,inc_net_profit_annual,inc_net_profit_to_shareholders_year_on_year,inc_net_profit_to_shareholders_annual,label_30,label_60,label_90
0,603993.XSHG,2013-03-15,36.0,37.8156,3.66,7.5,30.93,603993.XSHG,1.1,1.1,0.63,7.61,22.53,94.47,7.93,7.61,0.54,9.29,0.14,54.83,23.82,,128.41,48.11,869.95,5.78,-9.08,5.78,-9.08,-68.95,-55.98,-58.9,-52.29,-50.76,-42.36,-1,-1,-1
0,603993.XSHG,2013-04-27,44.22,44.2224,4.02,8.13,-35.31,603993.XSHG,1.8,1.57,1.27,18.0,31.8,81.52,22.58,18.0,0.32,6.3,0.66,80.79,17.93,87.02,113.23,32.91,178.08,-27.05,-11.8,-27.05,-11.8,-29.92,151.05,-28.63,108.62,-25.18,74.71,-1,-1,-1
0,603993.XSHG,2013-08-23,34.72,32.3814,2.88,6.42,-26.66,603993.XSHG,3.41,3.17,2.19,22.5,33.12,79.77,25.99,22.5,0.36,4.37,0.14,77.49,22.04,92.81,105.94,44.32,219.07,4.95,39.14,4.95,39.14,15.04,60.12,-18.52,73.85,-10.23,87.25,-1,-1,-1
0,603993.XSHG,2013-10-15,38.67,34.4113,3.04,6.73,-172.6,603993.XSHG,2.54,2.22,1.74,21.33,32.94,82.64,23.23,21.33,0.39,9.3,0.85,74.5,25.18,87.45,83.43,2.81,16.16,-7.03,-16.68,-7.03,-16.68,31.78,-25.53,36.7,-21.0,42.26,-24.56,-1,-1,-1
0,603993.XSHG,2014-02-27,32.21,31.3665,2.71,6.25,-12.09,603993.XSHG,2.29,1.35,1.34,16.35,32.26,107.95,3.01,16.35,0.82,27.59,5.35,-46.02,63.43,58.89,118.14,17.59,-221.26,20.98,18.31,20.98,18.31,-54.14,-84.68,159.82,-9.32,125.53,-8.62,-1,1,1
0,603993.XSHG,2014-04-26,24.04,24.0363,2.23,5.1,82.78,603993.XSHG,3.04,2.32,1.68,22.71,35.26,79.22,24.3,22.71,1.28,5.55,1.69,86.2,14.59,76.57,110.86,30.49,146.71,45.15,5.82,45.15,5.82,56.19,755.09,83.1,47.02,79.18,38.8,1,1,1
0,603993.XSHG,2014-08-12,25.36,28.9646,2.69,5.63,65.09,603993.XSHG,5.06,3.4,2.8,30.02,38.41,73.58,41.95,30.02,1.51,4.02,1.34,65.93,38.74,67.21,82.43,35.99,136.19,32.51,27.02,32.51,27.02,113.9,119.28,76.83,67.9,59.15,66.32,-1,-1,-1
0,603993.XSHG,2014-10-28,24.12,32.3366,2.9,5.79,15.32,603993.XSHG,3.64,2.96,2.05,30.05,45.1,71.45,33.98,30.05,1.42,8.93,1.43,78.9,15.0,81.26,89.88,37.46,131.2,15.52,-27.36,15.52,-27.36,68.97,-41.17,62.73,-27.3,54.71,-26.66,1,1,1
0,603993.XSHG,2015-03-24,25.57,37.8269,3.04,6.58,18.36,603993.XSHG,2.68,2.03,1.42,24.43,51.0,80.12,24.82,24.43,1.81,9.64,7.23,76.19,18.9,75.86,205.99,126.0,633.71,-6.02,-3.75,-6.02,-3.75,675.5,-29.7,40.46,-21.73,32.12,-21.96,-1,-1,-1
0,603993.XSHG,2015-04-28,37.82,37.8155,4.65,10.35,18.05,603993.XSHG,2.07,1.86,1.02,24.63,37.82,76.88,26.95,24.63,1.87,6.46,0.49,84.3,13.98,90.02,70.18,-6.67,-28.84,-27.46,-18.31,-27.46,-18.31,-19.54,-11.28,-21.34,-17.66,-19.29,-15.21,-1,1,1
0,603993.XSHG,2015-08-31,36.31,34.8574,4.47,10.23,22.46,603993.XSHG,1.1,1.13,0.48,13.44,45.38,98.35,10.47,13.44,1.95,7.02,14.33,26.85,143.49,102.83,187.41,122.43,7420.8901,-47.68,-8.39,-47.68,-8.39,-86.94,-64.42,-76.58,-50.01,-74.74,-47.95,-1,1,1
0,603993.XSHG,2015-10-30,45.83,32.2145,4.14,11.25,-98809.1562,603993.XSHG,1.11,1.28,0.55,17.77,31.04,83.32,12.69,17.77,2.03,8.59,-2.52,110.38,-26.43,115.03,130.07,47.08,282.24,-39.89,-16.55,-39.89,-16.55,-77.56,1.14,-64.46,10.31,-61.35,12.24,1,1,1
0,603993.XSHG,2016-03-25,75.31,41.2864,4.35,16.29,50.7,603993.XSHG,0.75,0.65,0.36,10.25,34.54,83.3,17.57,10.25,2.24,12.39,-9.02,110.48,5.76,86.06,57.24,-30.99,-185.54,-29.5,12.9,-29.5,12.9,-50.07,56.39,-70.43,-34.88,-66.52,-32.41,-1,1,1
0,603993.XSHG,2016-04-29,79.43,79.4264,3.48,14.41,18.01,603993.XSHG,0.81,0.68,0.42,11.64,38.77,83.95,20.08,11.64,1.59,6.92,10.26,85.62,21.51,84.05,76.58,22.88,142.56,-2.28,13.22,-2.28,13.22,-27.19,29.38,-53.83,28.55,-53.67,17.34,1,1,1
0,603993.XSHG,2016-08-29,117.25,92.0725,3.99,16.81,10.4,603993.XSHG,2.1254,1.4269,1.0901,33.2779,36.5685,77.1761,34.4163,33.2779,1.7204,9.175,-2.6955,66.4808,33.7658,67.1355,98.1601,24.5031,107.3569,1.6197,-4.7362,1.6197,-4.7362,234.1059,63.2675,151.6103,172.4454,133.9606,162.8178,-1,-1,-1
0,603993.XSHG,2016-10-31,77.34,82.3106,3.62,14.96,7.27,603993.XSHG,0.4073,1.6681,0.1685,5.3916,45.7154,92.0084,10.7095,5.3916,1.5076,7.7153,6.023,67.1688,22.8438,409.5171,159.051,26.7436,334.6457,36.5337,12.1237,36.5337,12.1237,15.2604,-65.1098,-58.566,-81.8341,-59.7536,-80.6922,-1,-1,-1
0,603993.XSHG,2017-03-31,89.75,82.5324,3.54,13.98,9.67,603993.XSHG,2.267,1.3504,0.6786,13.0598,26.3128,100.1626,0.2005,13.0598,1.003,12.6866,7.0714,-1.2544,2.8017,59.5693,107.4323,59.3383,-36497.832,237.8611,179.3704,237.8611,179.3704,-96.1446,-94.7689,330.5544,576.7106,244.756,478.9949,-1,1,1
0,603993.XSHG,2017-04-28,79.69,79.6949,4.24,11.45,-141.54,603993.XSHG,3.1374,3.0208,1.1334,17.271,37.9245,74.6702,25.822,17.271,0.8596,3.6481,7.0889,98.0996,1.9061,96.2836,90.7796,24.682,97.4427,399.6429,67.438,399.6429,67.438,542.4757,21460.4199,641.6055,121.4284,323.2849,44.0689,-1,1,1
,code,pubDate,pe_ratio,pe_ratio_lyr,pb_ratio,ps_ratio,pcf_ratio,code.1,roe,inc_return,roa,net_profit_margin,gross_profit_margin,expense_to_total_revenue,operation_profit_to_total_revenue,net_profit_to_total_revenue,operating_expense_to_total_revenue,ga_expense_to_total_revenue,financing_expense_to_total_revenue,operating_profit_to_profit,invesment_profit_to_profit,adjusted_profit_to_profit,goods_sale_and_service_to_revenue,ocf_to_revenue,ocf_to_operating_profit,inc_total_revenue_year_on_year,inc_total_revenue_annual,inc_revenue_year_on_year,inc_revenue_annual,inc_operation_profit_year_on_year,inc_operation_profit_annual,inc_net_profit_year_on_year,inc_net_profit_annual,inc_net_profit_to_shareholders_year_on_year,inc_net_profit_to_shareholders_annual,label_30,label_60,label_90
0,603996.XSHG,2016-03-30,36.58,57.5873,7.26,2.95,44.04,603996.XSHG,,0.0,,,8.1866,,,,,2.9877,,,,,,,,,,,,,,,,,,1,1,1
0,603996.XSHG,2016-04-27,59.99,59.9948,4.77,1.87,10.78,603996.XSHG,0.19,0.15,0.1,0.41,5.71,99.35,0.65,0.41,1.03,2.08,1.69,100.9,0.0,77.5,72.76,-26.28,-4018.01,-11.01,,-11.01,,-56.27,,-75.55,,-75.55,,1,1,1
0,603996.XSHG,2016-08-26,91.62,84.8474,6.73,2.71,23.2,603996.XSHG,0.565,0.5195,0.2886,0.8383,7.256,99.1484,0.8516,0.8383,2.6943,2.2681,0.2711,97.8209,,91.9486,96.1004,-22.3177,-2620.8047,-14.9374,41.7748,-14.9374,41.7748,-82.2692,84.5601,-80.4653,189.5331,-80.4653,189.5331,-1,-1,-1
0,603996.XSHG,2016-10-21,99.51,63.7399,5.34,2.13,22.92,603996.XSHG,3.8715,3.4532,1.6629,3.7385,9.4015,95.7306,4.2694,3.7385,1.7491,1.411,0.4126,100.1659,,89.1956,44.6785,-8.7565,-205.0979,52.8403,52.3742,52.8403,52.3742,53.7605,663.9563,59.9052,579.5623,59.9052,579.5623,-1,-1,-1
0,603996.XSHG,2017-03-22,69.27,55.3969,4.56,1.65,24.31,603996.XSHG,4.1487,4.3174,1.7656,4.3406,7.3754,94.9111,5.0889,4.3406,1.7658,2.1989,-0.9245,96.5669,,104.0669,95.5511,24.9608,490.4938,59.9636,-3.9234,59.9636,-3.9234,108.1739,14.5175,107.9616,11.5483,107.9616,11.5483,-1,-1,-1
0,603996.XSHG,2017-04-27,54.13,54.1257,4.56,1.52,-19.35,603996.XSHG,0.4109,0.4031,0.1869,0.8063,7.6494,98.9963,1.0037,0.8063,1.1804,3.0206,2.1293,94.5481,,98.1016,109.2857,-26.4833,-2638.5459,13.0409,-45.5362,13.0409,-45.5362,73.4472,-89.2579,122.0452,-89.883,122.0452,-89.883,-1,-1,-1
0,603996.XSHG,2017-08-21,42.498,43.6374,3.7951,1.2018,-17.8283,603996.XSHG,0.6196,0.5233,0.2497,0.608,5.8497,99.6099,0.5824,0.608,1.9149,1.498,0.3035,65.2705,,84.4576,45.5459,-32.2583,-8268.373,57.6909,97.7743,57.6909,97.7743,7.8446,14.7543,14.3751,49.138,14.3751,49.138,-1,-1,-1
,code,pubDate,pe_ratio,pe_ratio_lyr,pb_ratio,ps_ratio,pcf_ratio,code.1,roe,inc_return,roa,net_profit_margin,gross_profit_margin,expense_to_total_revenue,operation_profit_to_total_revenue,net_profit_to_total_revenue,operating_expense_to_total_revenue,ga_expense_to_total_revenue,financing_expense_to_total_revenue,operating_profit_to_profit,invesment_profit_to_profit,adjusted_profit_to_profit,goods_sale_and_service_to_revenue,ocf_to_revenue,ocf_to_operating_profit,inc_total_revenue_year_on_year,inc_total_revenue_annual,inc_revenue_year_on_year,inc_revenue_annual,inc_operation_profit_year_on_year,inc_operation_profit_annual,inc_net_profit_year_on_year,inc_net_profit_annual,inc_net_profit_to_shareholders_year_on_year,inc_net_profit_to_shareholders_annual,label_30,label_60,label_90
0,603997.XSHG,2015-04-30,35.6,35.5955,5.64,7.05,-273.33,603997.XSHG,5.09,5.04,4.27,19.56,39.04,77.12,22.88,19.56,1.97,11.66,1.69,98.96,0.0,98.96,95.78,10.87,47.51,20.52,-13.63,20.52,-13.63,2.19,-1.86,3.52,-3.18,0.97,-3.46,1,1,1
0,603997.XSHG,2015-08-28,51.51,51.6332,8.37,9.78,236.39,603997.XSHG,3.42,2.96,2.81,15.25,35.69,83.31,16.69,15.25,2.72,17.14,-1.33,87.35,0.0,86.48,148.09,36.36,217.88,2.16,-17.02,2.16,-17.02,-29.77,-39.47,-26.22,-35.31,-25.81,-33.77,-1,1,1
0,603997.XSHG,2015-10-30,35.17,33.1586,5.37,6.25,57.53,603997.XSHG,4.09,3.57,3.34,18.1,36.91,81.34,20.88,18.1,2.76,15.73,-1.03,87.33,10.41,87.29,134.73,10.72,57.43,-7.5,2.6,-7.5,2.6,-10.01,28.41,-15.76,21.77,-13.86,22.19,1,1,1
0,603997.XSHG,2016-04-26,61.89,56.2571,8.81,10.8,95.45,603997.XSHG,4.46,3.68,3.57,14.91,33.48,86.66,13.84,14.91,2.41,15.56,-0.17,79.68,2.98,82.49,56.91,5.31,39.81,-0.74,34.99,-0.74,34.99,-31.76,-10.54,-15.19,11.21,-12.82,11.6,-1,-1,-1
0,603997.XSHG,2016-04-30,50.09,52.0581,7.13,8.74,77.25,603997.XSHG,4.36,4.2,3.7,19.72,36.79,77.19,23.4,19.72,2.36,12.03,-0.44,96.08,2.5,96.36,116.42,17.94,78.66,8.55,-5.55,8.55,-5.55,11.06,59.71,9.42,24.91,13.74,25.95,-1,-1,-1
0,603997.XSHG,2016-08-26,45.17,47.0094,5.95,7.74,74.13,603997.XSHG,3.9415,3.4833,3.3195,17.3505,35.3054,81.1409,19.4447,17.3505,2.3909,13.1215,-1.2334,88.8608,2.7591,88.375,96.3123,-8.0602,-42.739,37.4629,5.0829,37.4629,5.0829,60.1788,-12.6906,56.3826,-7.5444,58.6437,-7.6326,-1,1,1
0,603997.XSHG,2016-10-29,38.32,44.2946,5.61,6.75,79.27,603997.XSHG,4.4027,4.2589,3.8834,18.3102,37.7443,77.9366,21.6327,18.3102,2.8574,13.2007,-0.8423,99.5042,-1.9423,96.7322,114.8132,19.4816,88.2985,52.8293,14.0691,52.8293,14.0691,58.3014,26.9048,54.5989,20.3792,48.2905,14.2189,-1,-1,-1
0,603997.XSHG,2017-04-18,36.82,46.5808,5.67,6.45,101.73,603997.XSHG,4.8682,4.723,4.0106,14.5805,33.5681,83.089,17.5539,14.5805,2.1161,10.6708,-0.2647,96.8623,3.6827,97.0173,48.3933,-10.9086,-64.5059,59.121,40.5449,59.121,40.5449,101.8134,14.0455,55.5864,11.9165,53.9092,15.8237,-1,-1,-1
0,603997.XSHG,2017-04-26,47.68,60.6312,7.35,8.36,131.74,603997.XSHG,4.6969,4.6671,3.973,19.1292,35.001,76.5503,23.6927,19.1292,2.2987,9.8089,-0.0129,99.5199,1.0313,99.3651,126.1009,26.6745,113.752,35.8365,-19.3692,35.8365,-19.3692,37.5177,8.8282,31.7662,5.7852,23.7133,1.2424,-1,-1,-1
,code,pubDate,pe_ratio,pe_ratio_lyr,pb_ratio,ps_ratio,pcf_ratio,code.1,roe,inc_return,roa,net_profit_margin,gross_profit_margin,expense_to_total_revenue,operation_profit_to_total_revenue,net_profit_to_total_revenue,operating_expense_to_total_revenue,ga_expense_to_total_revenue,financing_expense_to_total_revenue,operating_profit_to_profit,invesment_profit_to_profit,adjusted_profit_to_profit,goods_sale_and_service_to_revenue,ocf_to_revenue,ocf_to_operating_profit,inc_total_revenue_year_on_year,inc_total_revenue_annual,inc_revenue_year_on_year,inc_revenue_annual,inc_operation_profit_year_on_year,inc_operation_profit_annual,inc_net_profit_year_on_year,inc_net_profit_annual,inc_net_profit_to_shareholders_year_on_year,inc_net_profit_to_shareholders_annual,label_30,label_60,label_90
0,603998.XSHG,2015-03-02,45.69,52.3485,4.76,9.24,449.59,603998.XSHG,3.04,2.89,2.7,16.5,49.94,82.39,17.61,16.5,13.23,18.88,-0.58,94.88,0.0,94.91,112.73,34.97,198.59,-0.19,11.49,-0.19,11.49,-14.2,-22.73,-11.64,-14.69,-15.1,-15.18,-1,1,1
0,603998.XSHG,2015-04-28,54.49,54.4905,5.33,10.62,11.91,603998.XSHG,2.53,2.4,2.5,22.38,51.73,75.26,24.74,22.38,8.42,16.89,-1.93,94.71,0.0,94.6,79.4,7.59,30.69,40.4,-8.35,40.4,-8.35,76.55,28.75,68.02,24.26,63.7,16.91,1,1,1
0,603998.XSHG,2015-08-21,103.63,113.9386,10.95,20.71,31.78,603998.XSHG,3.27,3.46,3.05,23.32,58.3,71.19,28.81,23.32,14.63,13.99,-1.2,105.38,0.0,105.99,98.55,20.87,72.46,-0.38,18.93,-0.38,18.93,4.48,38.49,-6.68,23.92,-9.33,30.15,-1,1,1
0,603998.XSHG,2015-10-29,51.68,55.0531,5.29,10.02,17.25,603998.XSHG,3.0,2.69,2.75,22.47,56.54,76.07,23.93,22.47,14.67,18.65,-0.92,90.19,0.0,89.69,102.17,9.88,41.28,14.62,-5.68,14.62,-5.68,7.94,-21.65,19.41,-9.09,20.36,-6.74,1,1,1
0,603998.XSHG,2016-03-30,79.89,89.2995,8.34,15.72,44.11,603998.XSHG,2.11,1.02,1.82,14.85,56.87,90.88,15.65,14.85,20.55,27.59,-0.66,50.06,35.81,48.38,114.13,36.84,403.86,7.34,4.41,7.34,4.41,-4.62,-31.72,-3.42,-31.01,0.8,-28.96,1,1,1
0,603998.XSHG,2016-04-20,73.87,73.8701,7.56,14.3,435.44,603998.XSHG,1.77,1.63,1.56,16.62,51.43,81.82,18.69,16.62,12.37,19.93,-0.74,92.77,2.58,92.46,89.52,4.16,22.86,-4.28,-18.28,-4.28,-18.28,-27.7,-2.4,-28.92,-8.55,-23.79,-11.62,1,1,1
0,603998.XSHG,2016-08-25,72.79,68.837,6.93,13.45,-52.5,603998.XSHG,2.4533,1.9449,2.141,19.7714,54.3863,81.1535,21.3085,19.7714,15.2086,21.1008,-2.2311,80.4003,10.503,79.278,100.0896,12.9183,68.5446,-5.3141,17.6422,-5.3141,17.6422,-29.9598,34.1595,-19.7065,39.9772,-18.2529,39.6161,-1,-1,-1
0,603998.XSHG,2016-10-28,87.32,77.8349,7.88,15.43,-75.62,603998.XSHG,2.1112,2.1555,1.8728,16.2397,50.1063,80.5136,18.4257,16.2397,11.7657,19.0952,-1.3144,101.6518,-5.5334,102.0946,101.1858,16.9018,86.7363,10.432,10.0107,10.432,10.0107,-14.9566,-4.8726,-20.196,-9.6399,-24.0045,-13.3051,1,1,1
0,603998.XSHG,2017-04-19,101.32,84.1408,8.29,16.13,-57.25,603998.XSHG,1.3917,1.1639,1.0404,6.6873,44.285,89.6715,8.743,6.6873,17.9656,14.0556,-0.8357,116.3555,-17.8615,83.6338,112.4668,41.4201,401.0261,52.7155,44.3899,52.7155,44.3899,-14.6646,-31.4868,-31.226,-40.5426,-28.1963,-32.8799,-1,-1,-1
0,603998.XSHG,2017-04-28,94.14,77.6464,7.7,14.99,-53.19,603998.XSHG,1.9011,1.8394,1.5369,14.8172,54.522,80.7484,16.593,14.8172,15.0606,17.1907,0.1821,113.0445,-15.6113,96.7581,87.3701,-2.8719,-14.9179,32.942,-28.8578,32.942,-28.8578,18.0573,35.018,18.5459,57.6328,12.8869,38.9511,-1,-1,-1
,code,pubDate,pe_ratio,pe_ratio_lyr,pb_ratio,ps_ratio,pcf_ratio,code.1,roe,inc_return,roa,net_profit_margin,gross_profit_margin,expense_to_total_revenue,operation_profit_to_total_revenue,net_profit_to_total_revenue,operating_expense_to_total_revenue,ga_expense_to_total_revenue,financing_expense_to_total_revenue,operating_profit_to_profit,invesment_profit_to_profit,adjusted_profit_to_profit,goods_sale_and_service_to_revenue,ocf_to_revenue,ocf_to_operating_profit,inc_total_revenue_year_on_year,inc_total_revenue_annual,inc_revenue_year_on_year,inc_revenue_annual,inc_operation_profit_year_on_year,inc_operation_profit_annual,inc_net_profit_year_on_year,inc_net_profit_annual,inc_net_profit_to_shareholders_year_on_year,inc_net_profit_to_shareholders_annual,label_30,label_60,label_90
0,603999.XSHG,2016-04-27,99.95,99.9453,13.74,18.59,130.37,603999.XSHG,,-0.68,,,24.188,,,,,15.5212,,,,,,,,,,,,,,,,,,1,1,1
0,603999.XSHG,2016-04-27,64.34,89.4445,8.85,11.97,83.92,603999.XSHG,0.74,0.66,0.56,10.16,33.0,91.05,8.94,10.16,3.32,16.7,-1.68,88.09,-0.1,89.62,52.98,-25.76,-287.66,-41.11,,-41.11,,-20.02,,-14.99,,-20.19,,1,1,1
0,603999.XSHG,2016-08-30,90.37,87.7099,5.56,11.86,13.57,603999.XSHG,1.2605,0.9823,1.0624,11.7637,20.6234,91.2748,9.0424,11.7637,2.2308,11.2261,-2.6398,73.9022,2.6863,77.9282,93.1801,26.0733,298.8274,-9.5614,63.4206,-9.5614,63.4206,-25.5776,65.2266,-20.4858,89.1518,-25.8307,70.1877,1,1,1
0,603999.XSHG,2016-10-28,103.39,93.2113,5.95,12.92,31.2,603999.XSHG,1.8881,1.7399,1.57,14.4723,22.2863,87.0344,13.1566,14.4723,1.7936,8.5163,-2.0902,89.9846,1.3257,92.1489,48.7271,-21.2217,-163.6764,16.0656,19.854,16.0656,19.854,61.247,74.3874,64.3105,47.4494,45.8709,50.7004,-1,-1,-1
0,603999.XSHG,2017-04-26,84.95,83.1444,5.3,11.28,47.2,603999.XSHG,1.3454,0.6728,0.9874,7.2082,22.8907,99.4946,2.2097,7.2082,3.5195,18.1882,-1.3877,6.3549,21.4271,50.0027,127.2714,67.0064,13256.9443,-3.9041,26.88,-3.9041,26.88,-76.2216,-78.6904,-53.5295,-36.8048,-43.4032,-27.5827,-1,-1,-1
0,603999.XSHG,2017-04-29,76.18,75.8281,4.75,10.11,42.33,603999.XSHG,0.8645,0.7534,0.6885,12.9231,34.7184,88.8779,12.06,12.9231,4.7584,16.2859,-2.1968,86.0639,7.2575,87.1439,103.9718,-5.4987,-49.4388,-2.4335,-60.7402,-2.4335,-60.7402,31.5652,114.2747,24.0584,-29.6136,20.6663,-35.0318,-1,-1,-1
